accident_id,report_timestamp
1,2026-03-31 00:26:22.556302
2,2026-03-31 00:26:22.556314
3,2026-03-31 00:26:22.556318
4,2026-03-31 00:26:22.556323
5,2026-03-31 00:26:22.556327
6,2026-03-31 00:26:22.556331
7,2026-03-31 00:26:22.556334
8,2026-03-31 00:26:22.556339
9,2026-03-31 00:26:22.556344
10,2026-03-31 00:26:22.556348
11,2026-03-31 00:26:22.556350
12,2026-03-31 00:26:22.556352
13,2026-03-31 00:26:22.556354
14,2026-03-31 00:26:22.556356
15,2026-03-31 00:26:22.556358
16,2026-03-31 00:26:22.556360
17,2026-03-31 00:26:22.556362
18,2026-03-31 00:26:22.556364
19,2026-03-31 00:26:22.556365
20,2026-03-31 00:26:22.556367
21,2026-03-31 00:26:22.556369
22,2026-03-31 00:26:22.556371
23,2026-03-31 00:26:22.556373
24,2026-03-31 00:26:22.556375
25,2026-03-31 00:26:22.556377
26,2026-03-31 00:26:22.556379
27,2026-03-31 00:26:22.556381
28,2026-03-31 00:26:22.556383
29,2026-03-31 00:26:22.556384
30,2026-03-31 00:26:22.556386
31,2026-03-31 00:26:22.556388
32,2026-03-31 00:26:22.556390
33,2026-03-31 00:26:22.556392
34,2026-03-31 00:26:22.556394
35,2026-03-31 00:26:22.556396
36,2026-03-31 00:26:22.556398
37,2026-03-31 00:26:22.556400
38,2026-03-31 00:26:22.556402
39,2026-03-31 00:26:22.556403
40,2026-03-31 00:26:22.556405
41,2026-03-31 00:26:22.556407
42,2026-03-31 00:26:22.556409
43,2026-03-31 00:26:22.556411
44,2026-03-31 00:26:22.556413
45,2026-03-31 00:26:22.556415
46,2026-03-31 00:26:22.556417
47,2026-03-31 00:26:22.556419
48,2026-03-31 00:26:22.556421
49,2026-03-31 00:26:22.556422
50,2026-03-31 00:26:22.556424
51,2026-03-31 00:26:22.556426
52,2026-03-31 00:26:22.556428
53,2026-03-31 00:26:22.556430
54,2026-03-31 00:26:22.556432
55,2026-03-31 00:26:22.556434
56,2026-03-31 00:26:22.556436
57,2026-03-31 00:26:22.556438
58,2026-03-31 00:26:22.556440
59,2026-03-31 00:26:22.556442
60,2026-03-31 00:26:22.556443
61,2026-03-31 00:26:22.556445
62,2026-03-31 00:26:22.556447
63,2026-03-31 00:26:22.556449
64,2026-03-31 00:26:22.556451
65,2026-03-31 00:26:22.556453
66,2026-03-31 00:26:22.556455
67,2026-03-31 00:26:22.556457
68,2026-03-31 00:26:22.556459
69,2026-03-31 00:26:22.556461
70,2026-03-31 00:26:22.556463
71,2026-03-31 00:26:22.556464
72,2026-03-31 00:26:22.556466
73,2026-03-31 00:26:22.556468
74,2026-03-31 00:26:22.556470
75,2026-03-31 00:26:22.556472
76,2026-03-31 00:26:22.556474
77,2026-03-31 00:26:22.556476
78,2026-03-31 00:26:22.556478
79,2026-03-31 00:26:22.556480
80,2026-03-31 00:26:22.556482
81,2026-03-31 00:26:22.556484
82,2026-03-31 00:26:22.556486
83,2026-03-31 00:26:22.556487
84,2026-03-31 00:26:22.556489
85,2026-03-31 00:26:22.556491
86,2026-03-31 00:26:22.556493
87,2026-03-31 00:26:22.556495
88,2026-03-31 00:26:22.556497
89,2026-03-31 00:26:22.556499
90,2026-03-31 00:26:22.556501
91,2026-03-31 00:26:22.556502
92,2026-03-31 00:26:22.556504
93,2026-03-31 00:26:22.556506
94,2026-03-31 00:26:22.556508
95,2026-03-31 00:26:22.556510
96,2026-03-31 00:26:22.556512
97,2026-03-31 00:26:22.556514
98,2026-03-31 00:26:22.556516
99,2026-03-31 00:26:22.556518
100,2026-03-31 00:26:22.556520
101,2026-03-31 00:26:22.556522
102,2026-03-31 00:26:22.556524
103,2026-03-31 00:26:22.556525
104,2026-03-31 00:26:22.556527
105,2026-03-31 00:26:22.556529
106,2026-03-31 00:26:22.556531
107,2026-03-31 00:26:22.556533
108,2026-03-31 00:26:22.556535
109,2026-03-31 00:26:22.556537
110,2026-03-31 00:26:22.556539
111,2026-03-31 00:26:22.556541
112,2026-03-31 00:26:22.556543
113,2026-03-31 00:26:22.556545
114,2026-03-31 00:26:22.556547
115,2026-03-31 00:26:22.556548
116,2026-03-31 00:26:22.556550
117,2026-03-31 00:26:22.556552
118,2026-03-31 00:26:22.556554
119,2026-03-31 00:26:22.556556
120,2026-03-31 00:26:22.556558
